{"cameraMode":{"drawMode":0,"name":"Shaded","section":"Shading Mode"},"sceneLighting":true,"audioPlay":false,"sceneViewState":{"m_AlwaysRefresh":false,"showFog":true,"showSkybox":true,"showFlares":true,"showImageEffects":true,"showParticleSystems":true,"showVisualEffectGraphs":true,"m_FxEnabled":true},"in2DMode":false,"pivot":{"x":3.548360586166382,"y":8.853187561035157,"z":220.5857696533203},"rotation":{"x":-0.034476105123758319,"y":-0.03147580102086067,"z":-0.001086341799236834,"w":0.9989114999771118},"size":182.5677032470703,"orthographic":true}